{
  "summary": {
    "temperature": {
      "count": 50,
      "rmse_mean": 6.120108871459961,
      "rmse_std": 2.4112445966812484,
      "rmse_min": 3.1622447967529297,
      "rmse_max": 13.805206298828125,
      "bias_mean": 1.4393324256315827,
      "bias_std": 2.270627358770513,
      "cc_mean": 0.9700835061073303,
      "cc_min": 0.9025802612304688,
      "cc_max": 0.9914698600769043
    }
  },
  "n_samples": 50
}